,0
0,https://www.tiktok.com/@ahh.zjai
1,https://www.tiktok.com/@d3fdaily
2,https://www.tiktok.com/@nighttheraptor
3,https://www.tiktok.com/@kingmerc_cosplays
4,https://www.tiktok.com/@gilvanmourah
5,https://www.tiktok.com/@historynerd1453
6,https://www.tiktok.com/@lawsoncharles
7,https://www.tiktok.com/@realest_06
8,https://www.tiktok.com/@sillyfritzzz
9,https://www.tiktok.com/@voula09
10,https://www.tiktok.com/@snorkelpirate
11,https://www.tiktok.com/@cemregozeel
12,https://www.tiktok.com/@fioroa.ofc
13,https://www.tiktok.com/@hunterthepritchett
14,https://www.tiktok.com/@i.dont.have.a.cat
15,https://www.tiktok.com/@gujuboy2000
16,https://www.tiktok.com/@samchilson
17,https://www.tiktok.com/@iramanjohalofficial
18,https://www.tiktok.com/@aidangavin
19,https://www.tiktok.com/@piratesofthekaribyan
20,https://www.tiktok.com/@telegram.girl
21,https://www.tiktok.com/@macistephens1
22,https://www.tiktok.com/@ssunshine_stellaa
23,https://www.tiktok.com/@iampaulinetran
24,https://www.tiktok.com/@ezrustfix
25,https://www.tiktok.com/@sxn23
26,https://www.tiktok.com/@thijs_h01
27,https://www.tiktok.com/@workhardplayhardgetinked
28,https://www.tiktok.com/@djsharpe18
29,https://www.tiktok.com/@ifartedluv
30,https://www.tiktok.com/@dtberry01
31,https://www.tiktok.com/@andyatdabar
32,https://www.tiktok.com/@realcmm
33,https://www.tiktok.com/@williamsegerdahll
34,https://www.tiktok.com/@zeribeir
35,https://www.tiktok.com/@lordxstylz
36,https://www.tiktok.com/@iamdenae
37,https://www.tiktok.com/@cthypehousee
38,https://www.tiktok.com/@simonpulman
39,https://www.tiktok.com/@alyssa.quilala
40,https://www.tiktok.com/@lolagoza
41,https://www.tiktok.com/@kisssisters_
42,https://www.tiktok.com/@drew.amunategui
43,https://www.tiktok.com/@leydi.502
44,https://www.tiktok.com/@eryyhayy
45,https://www.tiktok.com/@historyofmagic
46,https://www.tiktok.com/@j.garcia736
47,https://www.tiktok.com/@madisonsdeaver
48,https://www.tiktok.com/@eclipse.rose
49,https://www.tiktok.com/@marcoilventu
50,https://www.tiktok.com/@itsnessaetc
51,https://www.tiktok.com/@earthandcoven
52,https://www.tiktok.com/@abigail__victoria
53,https://www.tiktok.com/@zodiac_signs13z
54,https://www.tiktok.com/@xoxogisella
55,https://www.tiktok.com/@jdnlbg
56,https://www.tiktok.com/@alexasganzerla
57,https://www.tiktok.com/@nic.broad
58,https://www.tiktok.com/@brandon.pham
59,https://www.tiktok.com/@therealconnorbrady
60,https://www.tiktok.com/@legoyodadeathscream
61,https://www.tiktok.com/@alexxbullock
62,https://www.tiktok.com/@jessicatragale
63,https://www.tiktok.com/@nickmathiss
64,https://www.tiktok.com/@lorenatamayoo
65,https://www.tiktok.com/@southernbelle.34
66,https://www.tiktok.com/@jayda_marie5
67,https://www.tiktok.com/@marypleasedance
68,https://www.tiktok.com/@wafa_shalabi
69,https://www.tiktok.com/@bigcountry174
70,https://www.tiktok.com/@alejandrobjr
71,https://www.tiktok.com/@bighit_bitches173
72,https://www.tiktok.com/@brilynnthompson
73,https://www.tiktok.com/@veronica_robuschi
74,https://www.tiktok.com/@socraweed
75,https://www.tiktok.com/@itz.francee_
76,https://www.tiktok.com/@legodracula
77,https://www.tiktok.com/@thehypegaff
78,https://www.tiktok.com/@easton.clark_
79,https://www.tiktok.com/@samitgori729
80,https://www.tiktok.com/@louisjg8
81,https://www.tiktok.com/@giselleofficial
82,https://www.tiktok.com/@roachapproachh
83,https://www.tiktok.com/@ed.rathbone
84,https://www.tiktok.com/@beardedtattedsniper54
85,https://www.tiktok.com/@_louishall
86,https://www.tiktok.com/@parkeyyyy
87,https://www.tiktok.com/@miked_o
88,https://www.tiktok.com/@cuzwhynot__
89,https://www.tiktok.com/@tattooed.doc
90,https://www.tiktok.com/@mikeknight0921
91,https://www.tiktok.com/@cadillackj
92,https://www.tiktok.com/@ericlulikeslemonade
93,https://www.tiktok.com/@iriscook
94,https://www.tiktok.com/@emilie.jpeg
95,https://www.tiktok.com/@gavyatwaal
96,https://www.tiktok.com/@sophreakayyyy
97,https://www.tiktok.com/@its_andreo19
98,https://www.tiktok.com/@edvardlatkov
99,https://www.tiktok.com/@rahel.discovers
100,https://www.tiktok.com/@eboyavocado
101,https://www.tiktok.com/@ballerinajean
102,https://www.tiktok.com/@rac_coon
103,https://www.tiktok.com/@imzeid
104,https://www.tiktok.com/@linneaweikleenget
105,https://www.tiktok.com/@wiccanwannabe
106,https://www.tiktok.com/@posty4president
107,https://www.tiktok.com/@prisma.vs
108,https://www.tiktok.com/@random.furry
109,https://www.tiktok.com/@rebeccapechoskich
110,https://www.tiktok.com/@sarahsharp836
111,https://www.tiktok.com/@stadium_sounds
112,https://www.tiktok.com/@that_rowdy_one
113,https://www.tiktok.com/@kindasortateacher
114,https://www.tiktok.com/@ellsworthless1
