,profile
0,https://www.tiktok.com/@kaelanmee_
1,https://www.tiktok.com/@irl.komaru.naegi
2,https://www.tiktok.com/@kileylove16
3,https://www.tiktok.com/@masonthegraham
4,https://www.tiktok.com/@skcazfise
5,https://www.tiktok.com/@dundee80
6,https://www.tiktok.com/@_esmeeexx_
7,https://www.tiktok.com/@trillmaiine
8,https://www.tiktok.com/@muhammadhanan74
9,https://www.tiktok.com/@ilanasedaka
10,https://www.tiktok.com/@kbscrewhead
11,https://www.tiktok.com/@caprisunmilf
12,https://www.tiktok.com/@ehuhgirl
13,https://www.tiktok.com/@lc.vky23
14,https://www.tiktok.com/@himynamespetty
15,https://www.tiktok.com/@cookiecrys
16,https://www.tiktok.com/@connie_universe1
17,https://www.tiktok.com/@booore
18,https://www.tiktok.com/@martynka_kus
19,https://www.tiktok.com/@joyau_bleu
20,https://www.tiktok.com/@steffyevans10
21,https://www.tiktok.com/@camzinithegenie
22,https://www.tiktok.com/@beepbeep_richie
23,https://www.tiktok.com/@az_bombshell
24,https://www.tiktok.com/@maddie.cos4
25,https://www.tiktok.com/@xmakaylasheax
26,https://www.tiktok.com/@nickyle_tbe
27,https://www.tiktok.com/@nuzflash
28,https://www.tiktok.com/@_engy_5
29,https://www.tiktok.com/@sophiaestupinan
30,https://www.tiktok.com/@olivierv.os
31,https://www.tiktok.com/@alexialove369
32,https://www.tiktok.com/@cosplay_sprinkles
33,https://www.tiktok.com/@whiteskechers
34,https://www.tiktok.com/@helos.online
35,https://www.tiktok.com/@lovextiffanyann
36,https://www.tiktok.com/@zaddykrotch
37,https://www.tiktok.com/@bijackplane
38,https://www.tiktok.com/@ekchavez
39,https://www.tiktok.com/@amayamajor
40,https://www.tiktok.com/@pauxmac
41,https://www.tiktok.com/@jacquelyn.faja
42,https://www.tiktok.com/@samanthakarinaort
43,https://www.tiktok.com/@tytaneum
44,https://www.tiktok.com/@bigmacbrea
45,https://www.tiktok.com/@gryffin._.prince
46,https://www.tiktok.com/@rluisitoo
47,https://www.tiktok.com/@zahzi69
48,https://www.tiktok.com/@saxmavisi.j
49,https://www.tiktok.com/@amberbleij
50,https://www.tiktok.com/@pokkens85
51,https://www.tiktok.com/@shainosaur
52,https://www.tiktok.com/@bella.nankran
53,https://www.tiktok.com/@pewjr20
54,https://www.tiktok.com/@shootfordetails
55,https://www.tiktok.com/@j_mf_mac_89
56,https://www.tiktok.com/@josh__slocum
57,https://www.tiktok.com/@dyrandoms
58,https://www.tiktok.com/@tarontovmasjan
59,https://www.tiktok.com/@monica.thestylist
60,https://www.tiktok.com/@maxi
61,https://www.tiktok.com/@_kerya_cosplay_
62,https://www.tiktok.com/@doabiaa
63,https://www.tiktok.com/@ntbudd
64,https://www.tiktok.com/@jules_cali
65,https://www.tiktok.com/@mark_diaz
66,https://www.tiktok.com/@sophikawaii4
67,https://www.tiktok.com/@insha_noorani
68,https://www.tiktok.com/@petite_kittycat
69,https://www.tiktok.com/@strangeerdale
70,https://www.tiktok.com/@linam.bonilla
71,https://www.tiktok.com/@bartusch
72,https://www.tiktok.com/@jessiieepitt
73,https://www.tiktok.com/@thomas.modenaa
74,https://www.tiktok.com/@rocksouldier
75,https://www.tiktok.com/@zyyni_mehar_z_m
76,https://www.tiktok.com/@_itsjustangel_
77,https://www.tiktok.com/@chelsey_atkins
78,https://www.tiktok.com/@elizzabethann
79,https://www.tiktok.com/@tatt3d_glitch_queen87
80,https://www.tiktok.com/@theemonarch1
81,https://www.tiktok.com/@carleigh17
82,https://www.tiktok.com/@austincombs
83,https://www.tiktok.com/@fiona.blohsh
84,https://www.tiktok.com/@grwm_aesthetics24
85,https://www.tiktok.com/@d02_212_a533
86,https://www.tiktok.com/@sharthegay
87,https://www.tiktok.com/@fairoozzamaluddin
88,https://www.tiktok.com/@jeffreykeefe
89,https://www.tiktok.com/@kadijah416
90,https://www.tiktok.com/@barrytronic
91,https://www.tiktok.com/@xxmeechellexx
92,https://www.tiktok.com/@thiagoleite87
93,https://www.tiktok.com/@hipbridges
94,https://www.tiktok.com/@sarah5891
95,https://www.tiktok.com/@sofiaabergamini
96,https://www.tiktok.com/@gerardo.415
97,https://www.tiktok.com/@lachen48
98,https://www.tiktok.com/@osnapitsami
99,https://www.tiktok.com/@deardoe
100,https://www.tiktok.com/@rodgers17
101,https://www.tiktok.com/@babeholland
102,https://www.tiktok.com/@plasticplant
103,https://www.tiktok.com/@alyciaconsuelo
104,https://www.tiktok.com/@radziohere96
105,https://www.tiktok.com/@cedobi
106,https://www.tiktok.com/@naomi.lani
107,https://www.tiktok.com/@mikey_30_1990
108,https://www.tiktok.com/@akiddcalledjackie
109,https://www.tiktok.com/@celia_ding
110,https://www.tiktok.com/@thelexieskye
111,https://www.tiktok.com/@foodidelphia
112,https://www.tiktok.com/@tobesolonely
113,https://www.tiktok.com/@fiberboss1
114,https://www.tiktok.com/@jaredepichiggins
115,https://www.tiktok.com/@itsmaddydevera
116,https://www.tiktok.com/@springer.the.beagle
117,https://www.tiktok.com/@joselui24
118,https://www.tiktok.com/@jessandthecrew8
